date,raw-gaussian,raw-student,raw-clayton,H1-gaussian,H1-student,H1-clayton,H2-gaussian,H2-student,H2-clayton
2020-01-02,-5445.1473247674785,-5718.553425918254,-2138.8305618724658,-5489.177628667698,-5698.268790457663,-2011.251569527472,-5114.849704502304,-5321.900162336446,-1716.5346281405095
2020-01-31,-5415.08227437594,-5683.386695600488,-2095.2317536895102,-5451.199597176816,-5658.4489265222965,-1952.8416390596108,-5124.585822795493,-5342.08452690197,-1675.1701667037748
2020-03-02,-5405.597735199595,-5684.588746104586,-2152.592201731566,-5433.500171655882,-5644.150964103692,-1969.6902872429146,-5100.285992133375,-5309.688002813953,-1686.9263163542003
2020-03-30,-5453.9469117932495,-5751.461341824448,-2243.2247180998443,-5457.43277277417,-5698.948290447711,-2035.378053568198,-4995.166079511311,-5194.7296715591565,-1613.4804811533395
2020-04-28,-5513.204324280565,-5829.924727661179,-2313.0789954894944,-5520.772229827353,-5775.820231611719,-2112.8604084859708,-5090.642511620107,-5289.791559488929,-1673.1455188680195
2020-05-27,-5543.3258969695735,-5877.653768478971,-2336.576727997599,-5564.780740271328,-5824.474324925355,-2154.587969428214,-5254.5116982858435,-5510.498025125588,-1895.5830929780673
2020-06-24,-5532.687200310524,-5877.654514641532,-2356.2247031596676,-5559.061669685558,-5807.497989677484,-2156.0695335805153,-5333.310302751113,-5598.985541661479,-1938.3797620409107
2020-07-23,-5547.196956527052,-5892.252446974231,-2392.707507543245,-5650.340645703265,-5919.33792194755,-2270.8393431686823,-5373.091634618587,-5673.178030105604,-1925.8243742038703
2020-08-20,-5469.211432433889,-5818.8229805237315,-2384.9768979528153,-5571.364876963036,-5831.949085646931,-2186.831393111541,-5437.047314180971,-5737.643103292393,-1996.509812772595
2020-09-18,-5382.105352469145,-5744.8225345933415,-2350.1490623132977,-5367.227790433228,-5662.002286268889,-2127.8180367114483,-5416.669056170196,-5710.9435789952,-2062.4604530020924
2020-10-16,-5394.994618758825,-5761.09774966067,-2369.026166983154,-5400.9784526245885,-5684.511775797049,-2182.9105699657775,-5419.458247348227,-5696.858257891829,-2042.6711733198035
2020-11-13,-5417.2691293009975,-5800.764426601232,-2439.7494708962345,-5571.498074959607,-5845.301072173868,-2299.371129158601,-5507.952287063246,-5757.587819706028,-2058.952377949547
2020-12-14,-5487.342671281689,-5830.76137100123,-2466.362363906107,-5535.455657093029,-5818.500317070468,-2291.31779383527,-5554.770582565974,-5786.695370448628,-2154.816413987699
2021-01-13,-5457.735902922952,-5801.836446417654,-2462.9616441408352,-5559.869882217052,-5833.6088649067315,-2306.267167138397,-5669.828040704131,-5921.471285467607,-2268.9902933458707
2021-02-11,-5518.432444467238,-5857.057799393788,-2508.602597541275,-5543.417737602811,-5819.02769210226,-2349.167569539828,-5670.873023760405,-5921.0885367579185,-2296.575445344977
2021-03-12,-5505.144387947923,-5825.504544820649,-2506.736854701565,-5534.13657524046,-5797.022179551546,-2330.1183544263185,-5589.334823434567,-5843.722717816958,-2275.933384635898
2021-04-12,-5488.022282012711,-5806.555020339023,-2495.3683018616193,-5515.357407266383,-5779.03231517225,-2331.921859340962,-5740.267935192574,-5977.1626210091035,-2373.5284300010208
2021-05-10,-5471.115780160818,-5788.0286826734355,-2473.825035892287,-5536.587261912007,-5792.92150194197,-2306.448043139547,-5833.144272095516,-6060.925849256266,-2428.4836419321264
2021-06-08,-5535.815304661589,-5839.015031237731,-2518.454005303117,-5606.526688000463,-5859.189379032392,-2367.5813109641604,-5860.880615458296,-6072.941668305439,-2476.5644810915296
2021-07-07,-5552.093601170736,-5863.901520766864,-2533.0999873816654,-5631.669997802286,-5883.134118979942,-2381.0085622957076,-5834.739697981275,-6049.187298628778,-2461.289759465735
2021-08-04,-5658.721731580016,-5945.362603846517,-2579.826066872878,-5636.937117912134,-5872.970625593476,-2385.3885529926956,-5819.562716667209,-6033.502784989614,-2449.266651039231
2021-09-01,-5623.252015989185,-5907.3239515548485,-2548.338220874914,-5649.737986327909,-5885.747917894711,-2402.5302653286717,-5907.908409469229,-6111.898356035512,-2506.2846321561165
2021-09-30,-5773.86120839905,-6043.057991878225,-2640.5241121007766,-5764.020761559511,-5982.733425856884,-2453.953807453154,-6039.525683043127,-6204.201525481112,-2595.580604501004
2021-10-28,-5902.092589765964,-6176.014530731296,-2691.9945018396947,-5905.656651222562,-6135.945194049802,-2499.579151767147,-6008.0675884327065,-6187.891827008273,-2588.3710887892175
2021-11-26,-5862.176181413751,-6138.944289473468,-2675.6201312179037,-5891.0505903193625,-6132.426914628494,-2516.2950620655342,-5886.4700359767685,-6047.587441406462,-2391.7077327206116
2021-12-27,-5985.326012745426,-6251.317829207352,-2773.6163209279894,-5970.571665705626,-6197.177274020986,-2547.1930701383394,-5842.384343544394,-5984.67634096672,-2358.620911421005
2022-01-25,-5981.538335333466,-6263.83373900201,-2729.3886906842195,-5915.177876900143,-6160.4024696396655,-2520.429001655453,-5781.949824057361,-5911.841309165932,-2324.179583355079
2022-02-23,-5925.280904946629,-6203.792065358775,-2680.4600878726837,-5847.557329126856,-6094.599325682531,-2467.8401435798014,-5790.144712049836,-5921.023825051518,-2436.6358925284667
2022-03-23,-5831.5116760171395,-6113.9413699320285,-2605.9493769350793,-5758.6146860663575,-6000.769558622286,-2413.603826713017,-5815.593712132057,-5944.5690065497165,-2557.6368164867963
2022-04-21,-5800.3382773747,-6075.586114633661,-2590.803901730578,-5732.145375748216,-5985.065906787731,-2377.0332243705643,-5943.858020713678,-6060.889381145053,-2663.4616861336485
2022-05-19,-5890.634160582674,-6176.797523368371,-2694.6786018739367,-5797.624403690826,-6044.272840697864,-2460.144927990804,-5938.969105677888,-6075.029326909023,-2695.1877198356315
2022-06-17,-5979.809786869875,-6264.744588841293,-2821.0239977701412,-5876.632326296815,-6121.49558077566,-2551.006584971943,-5917.470922569426,-6063.935126535998,-2635.835655874047
2022-07-19,-6070.1249133779675,-6348.731745098838,-2871.1106873121034,-6032.07215758545,-6255.433058052629,-2613.798873754671,-6050.134492665656,-6166.993435621762,-2739.830763635383
2022-08-16,-6176.799037332004,-6432.240209963828,-2905.2131674719385,-6074.997279747792,-6287.567353598345,-2646.4104250731243,-5989.440626292915,-6104.889538519433,-2748.2233046690335
2022-09-14,-6330.719914510826,-6577.196178001064,-3029.3039805097756,-6227.432482889802,-6436.702226920512,-2721.5043460077213,-6026.401393996751,-6151.362978522026,-2855.75636964612
2022-10-12,-6370.059726859179,-6607.245605982089,-3046.420376278537,-6197.993871084136,-6397.779906144291,-2715.9903123931404,-5892.718178951037,-6010.8910153574325,-2724.159988602055
2022-11-09,-6392.2080014121075,-6634.944884219788,-3056.9948347764794,-6271.691896046077,-6478.368138514594,-2799.432384455013,-5954.091561568624,-6061.526311699593,-2744.5297245331417
2022-12-08,-6444.019397922593,-6716.914407071481,-3082.534762358425,-6269.523711645234,-6486.200831527582,-2824.038121539519,-6140.391584839046,-6238.131353819763,-2794.2665383461936
2023-01-09,-6471.061913535383,-6729.6055986464435,-3088.9744024929146,-6365.508371957513,-6594.0642034916345,-2874.5765738323284,-6149.082035634737,-6252.481776897369,-2847.3681772683326
2023-02-07,-6466.218652887082,-6721.244866851195,-3097.8774089883714,-6416.690711176323,-6638.309574977876,-2927.344648008055,-6300.754515228236,-6396.313785165619,-2981.0844347858365
2023-03-08,-6513.305333926262,-6768.002857533107,-3143.8438371361126,-6434.966695790463,-6655.583229132186,-2937.6384776328296,-6406.327934368573,-6498.990756251672,-3037.0365893900143
2023-04-05,-6557.858348239506,-6791.876978503599,-3164.5004480461803,-6548.176785857608,-6753.225396399828,-3005.25934910262,-6337.296192031009,-6429.915360398204,-2971.256977869275
2023-05-04,-6588.297145097069,-6814.361333463027,-3185.830189607771,-6455.76860183112,-6653.896768564737,-2967.916608818472,-6387.861320613918,-6471.880329471313,-2932.400594656103
2023-06-02,-6536.319927857599,-6761.514842238054,-3178.958633601952,-6509.097286466073,-6704.498397968756,-3048.879065176927,-6367.606620659763,-6444.530792341509,-2854.352358549571
2023-07-03,-6563.420106403667,-6771.007927472422,-3205.8367912674253,-6543.746418900924,-6729.465335581174,-3056.5074028619074,-6307.780060444548,-6367.774045359255,-2801.5490516032983
2023-08-01,-6474.231771440242,-6683.6320646454915,-3145.0774854265464,-6417.45268039429,-6591.695120272381,-2960.7217919734794,-6248.301375177114,-6300.997645286483,-2775.761470337382
2023-08-29,-6430.765302636886,-6623.758189995193,-3068.382097692291,-6382.1637424243445,-6545.929266692851,-2910.5821315548537,-6302.279735478596,-6354.303540944793,-2821.2665203430165
2023-09-27,-6474.133157752521,-6657.22361509556,-3075.1928807535683,-6356.081873527854,-6519.333686336415,-2872.5510006893837,-6271.986942939272,-6320.406513101905,-2807.5787325413294
2023-10-25,-6514.500212836204,-6695.17071888942,-3058.0559215719886,-6451.654857051042,-6617.094937043436,-2937.07055064828,-6316.145328863204,-6354.964210068046,-2807.4582961172373
2023-11-22,-6624.772147475129,-6803.723185114638,-3124.459236332287,-6479.400120211663,-6646.92974217886,-2958.034620029668,-6260.441309830807,-6306.585318318965,-2756.0988121982173
2023-12-21,-6640.943817883905,-6813.281221317507,-3155.0366676281265,-6514.681202638017,-6662.939315408321,-2988.9130693638454,-6096.714637866329,-6111.227380281054,-2519.806292330025
2024-01-23,-6587.264259914812,-6777.395829377694,-3078.2212800853495,-6423.936519782661,-6591.677049261831,-2954.386599252036,-6124.145814477118,-6138.686042130581,-2525.990908782854
2024-02-21,-6550.403141047653,-6719.751803295067,-2956.186788696542,-6357.526711511477,-6505.837238938382,-2845.797761802196,-6199.138372807496,-6214.4471887447135,-2572.8379629138626
2024-03-20,-6482.007848923196,-6637.612088501846,-2819.9043572237556,-6322.153624627599,-6456.221371433315,-2754.8946817055207,-6153.943508144328,-6175.4677914491,-2475.5126987169824
2024-04-18,-6396.152837624552,-6533.920987011239,-2767.9824197563894,-6255.988278515246,-6380.778466074191,-2694.8478734845467,-5989.569320324825,-6016.8530978648905,-2314.356419035579
2024-05-16,-6309.2442242218885,-6447.978337863492,-2737.825379552014,-6179.300188961467,-6297.124383604301,-2653.8231633748383,-5983.402363454957,-6017.3250774707085,-2289.771589914733
2024-06-14,-6196.128770746802,-6323.584855427949,-2637.9425006012248,-6064.938491942954,-6181.471773168261,-2567.1380593932904,-5961.96752291955,-5998.1414817352725,-2309.6049068676684
2024-07-16,-6039.463752733533,-6205.282465135184,-2551.520111326412,-5980.518790665884,-6112.633306414147,-2564.1159792960625,-5915.865461533877,-5953.903432165807,-2307.4027023417584
2024-08-13,-6135.366866065051,-6307.947801249086,-2563.0697304267132,-5951.0590376909895,-6098.093979096033,-2498.5563448409507,-5902.568954815235,-5936.026736794838,-2285.133308191326
2024-09-11,-6138.3658201638045,-6315.523049183879,-2543.863045082564,-5922.115711583942,-6073.522981872031,-2452.4493622090376,-5613.723125625567,-5647.397795152168,-2063.5747387600786
2024-10-09,-6063.428286859327,-6230.3594312221485,-2473.529245286003,-5844.621670789795,-5996.408101190168,-2397.804969033211,-5658.859154183365,-5696.443944853296,-2110.4078511798834
2024-11-06,-5988.310372137727,-6137.1260966021055,-2423.3695381782463,-5818.502207289484,-5953.4576972295035,-2377.7995205123834,-5737.2954955057,-5773.3357270012275,-2179.547121110028
2024-12-05,-5971.780409562843,-6124.219872002257,-2383.1600894305793,-5786.931537798228,-5929.881845650254,-2328.0065583450273,-5685.029500247076,-5733.416305972387,-2139.0135312261555
2025-01-06,-6033.331524960271,-6185.928315488689,-2436.175904152953,-5754.9715250158315,-5896.819410403223,-2327.2977910163136,-5619.016651640047,-5668.664821782126,-2062.6182582538213
2025-02-05,-5945.654324134093,-6123.856374501942,-2372.9753503018424,-5717.177105606327,-5861.924916112179,-2297.2175200024635,-5715.3300786073205,-5762.209160643273,-2109.813581371413
2025-03-06,-5866.224022052465,-6039.424018546404,-2362.023357311792,-5668.014531668582,-5826.763039915856,-2288.394482489731,-5680.868290192639,-5729.658198426505,-2156.0119632836704
2025-04-03,-5949.6557392890245,-6118.402821362087,-2387.953512476304,-5690.630109272042,-5844.532566927512,-2310.88643337119,-5671.390089308225,-5746.749274599995,-2199.5357500774026
2025-05-02,-6046.4205561072295,-6236.610145577032,-2542.4072412632368,-5765.142959361158,-5951.860183091005,-2414.8794899314853,-5571.276814162842,-5651.715799282675,-2146.693011181047
2025-06-02,-6076.149019760649,-6270.840690207142,-2564.138668192551,-5834.105925322698,-6013.466883697161,-2451.6955598243107,-5664.62153458805,-5734.386316743894,-2154.8388735174076
2025-07-01,-6109.078016177304,-6301.939646654918,-2563.338765199749,-5832.173962497465,-6009.582112869049,-2453.1347738176055,-5926.18152970052,-6016.513782202801,-2439.0671567537047
2025-07-30,-5984.533518232687,-6191.008112179582,-2516.367350564575,-5783.864673997175,-5966.616243751285,-2447.5794653525945,-5908.123557660637,-6002.163989004965,-2431.6862408915827
2025-08-27,-6035.178125839428,-6237.207660038372,-2539.979380515352,-5776.206478815757,-5961.045922932714,-2426.2961163089426,-5908.933974573471,-6000.910093797603,-2429.858272536266
2025-09-25,-5904.53175509526,-6114.858001020549,-2487.357014643439,-5654.399314633053,-5846.490118593427,-2381.7974394202074,-5926.447758062672,-6027.461158946769,-2392.815736658591
2025-10-23,-5852.781879449617,-6067.240393111168,-2470.4197538234253,-5629.188780361029,-5817.059513265533,-2360.7749922348526,-5848.95924027177,-5945.405588142548,-2374.5200200044164
2025-11-20,-5861.06648518067,-6073.484646115261,-2468.1147408929937,-5593.3936306766955,-5791.116252573857,-2329.5015034549106,-5792.820875352656,-5873.280876784838,-2316.7047969410523
2025-12-19,-5792.06099769399,-5996.34380250697,-2411.2890119387343,-5582.029430494198,-5771.330422098018,-2320.316516576858,-5780.728220976398,-5852.5868249325285,-2279.1608206519136
2026-01-21,-5772.2005623884415,-5973.21945910063,-2403.5246070424837,-5591.319423728142,-5786.6787095308755,-2341.1527831841,-5789.78150306894,-5854.584209449872,-2338.7570075095314
2026-02-19,-5711.582215092711,-5908.278202462199,-2353.9628667237575,-5488.793267666084,-5697.780765460009,-2277.3634575950073,-5839.8847627789,-5908.6287038211285,-2345.6749926778266
2026-03-19,-5635.017384763913,-5833.363335075906,-2345.7290803907254,-5435.992377569331,-5647.270436554339,-2271.8139128782213,-5772.492060291143,-5844.724225285291,-2268.2986986468145
2026-04-17,-5598.593093401601,-5814.668849783006,-2251.0734918996686,-5370.948089184683,-5578.459889728503,-2171.2196355226038,-5348.461314412032,-5442.67827425003,-1995.0082921572193
2026-05-15,-5459.227666851755,-5678.83736011138,-2154.595484473329,-5268.110072273476,-5483.006645765863,-2074.577436479292,-5264.271350079472,-5351.6701278375895,-1994.0255088608708
2026-06-15,-5308.817102087545,-5546.0534070108,-2002.1200163935227,-5174.27927709042,-5396.288639112749,-2003.4810258439434,-5231.32542106732,-5322.185317403328,-1907.4989371193435
2026-07-15,-5136.012203563991,-5377.01692927244,-1928.5005377190157,-5042.287435171211,-5272.529181441851,-1916.9729445769121,-5073.513115733038,-5145.160527233864,-1795.1954395617784
2026-08-12,-4952.449805745107,-5218.680614360677,-1870.3901975282165,-4846.843472198553,-5092.595359570687,-1821.5878202894169,-4947.99931078402,-5040.941545946284,-1625.2510495210115
2026-09-10,-4793.735742455754,-5045.635514302223,-1754.6006534720477,-4734.214792050206,-4970.745048171191,-1736.0246539576897,-4771.930223561344,-4890.908803279373,-1509.9295697709622
